id,title,authors,arxiv,msc2020,version,published_at,repository
PALOMAR-2026-09-30-000019,Deciding D-stability is coNP-hard,Michael Mislan,math.DS,15A18; 68Q17; 93D09,1,2026-09-30T06:03:55Z,mmislan/palomar-p086-d-stability-conp-hard
PALOMAR-2026-09-30-000018,The 2-adic zeta value ζ₂(7) is irrational,Gennaro Marco Devincenzis,math.NT,11J72; 11S40; 11S80; 11M06,1,2026-09-30T05:52:42Z,gmDevi/zeta2-7-lean
PALOMAR-2026-09-30-000017,Krohn–Rhodes decomposition of finite monoids into aperiodic and simple-group factors,Aditya Rao,math.GR; cs.FL,20M10; 20M35; 20M20; 68Q70,1,2026-09-30T05:33:48Z,adii800/krohn-rhodes-lean
PALOMAR-2026-09-30-000016,"Frankl-Kupavskii-Swanepoel Theorem 3: fewer than C(d+2,2) edges embeds in R^d",Dishant Shah,math.CO; math.MG,05C62; 52C10,1,2026-09-30T05:23:34Z,Dishah3241/FKSEdgeThreshold
PALOMAR-2026-09-30-000015,Near-linear cycles in connected vertex-transitive graphs,Matija Bucic,math.CO,05C45; 05C38,1,2026-09-30T03:42:26Z,mbucic4/Nearly-spanning-Lovasz
PALOMAR-2026-09-30-000014,Hong and Kung's red-blue pebble game: the partition lemma and I/O lower bounds for the FFT and matrix multiplication,George A. Constantinides,cs.CC; cs.DS,68Q17; 68Q25; 05C57; 65T50; 65Y20,1,2026-09-30T03:30:54Z,geoconuk/lean-misc-math
PALOMAR-2026-09-30-000013,Irrationality of Li₂(1/2),Qian Tang,math.NT,11J72; 33B30,1,2026-09-30T03:21:07Z,dtq1997/li2-half-irrationality
PALOMAR-2026-09-30-000012,kissing-number-lean,Marek Wrzos,math.MG; cs.LO,52C17; 05B40; 94B65; 68V20,1,2026-09-30T03:10:53Z,Pendzoncymisio/kissing-number-lean
PALOMAR-2026-09-30-000011,Zero-divisor criteria for absolute concentration robustness,Michael Mislan,math.AC; q-bio.MN,13P10; 13P25; 92C42,1,2026-09-30T03:01:08Z,mmislan/palomar-p082-acr-zero-divisors
PALOMAR-2026-09-30-000010,Adamczewski–Bugeaud 2007: the complexity of algebraic numbers in integer bases,Ralf Stephan,math.NT,11J81; 11A63; 11K16; 11R06; 68R15,1,2026-09-30T02:38:23Z,rwst/Subspace-Theorems
PALOMAR-2026-09-30-000009,Attracting oscillations in sequential distributive phosphorylation,Michael Mislan,math.DS; q-bio.MN,34C23; 37G15; 34D20; 92C45,1,2026-09-30T02:26:38Z,mmislan/palomar-p064-multisite-phosphorylation-oscillations
PALOMAR-2026-09-30-000008,Determinants and unstable cores in sequential distributive phosphorylation,Michael Mislan,math.DS; q-bio.MN,92C42; 15A15; 15A18; 34D20,1,2026-09-30T02:15:36Z,mmislan/palomar-p038-futile-cycle-child-selections
PALOMAR-2026-09-30-000007,"At least one of ζ(7), ζ(9), …, ζ(21) is irrational",Gennaro Marco Devincenzis,math.NT,11J72; 11M06; 33C20,1,2026-09-30T01:55:49Z,gmDevi/zeta-7-21-lean
PALOMAR-2026-09-30-000006,NP-hardness of Gaussian c-separation,Tomislav Prusina,cs.LO; cs.CC,03B35; 68Q17,1,2026-09-30T01:45:33Z,tomo61098/c-separated-np-complete-lean
PALOMAR-2026-09-30-000005,"One-generated (1518 + 3862)-magmas are trivial or the Z/3 shift; an explicit family of finite 1518-magmas violating laws 47, 614, 817, 3862",Carlo Perassi,math.RA; math.LO,20N02; 08B05; 03C05; 68V20,1,2026-09-30T01:30:28Z,carlok/magma-1518-obstruction-lean
PALOMAR-2026-09-30-000004,Erdős Problem 809: rainbow odd cycles,Jacob Parish,math.CO,05C15; 05C35,1,2026-09-30T01:21:55Z,plasma-ai/erdos-809
PALOMAR-2026-09-30-000003,Erdős Problem #1219 in Lean 4: Σ_k 2^{ℵ_{n_k}} → (ℵ_ω)² (Shelah 1975),Ji Ho Bae (JRTI),math.LO; math.CO,03E02; 03E05; 03E10; 05D10,1,2026-09-30T01:10:42Z,jbaelaw/erdos1219-lean
PALOMAR-2026-09-30-000002,"Two-fold Langford sequences exist exactly when 3l ≥ 2d − 1; the m-fold counting bound and its attainment, and a residue bound",JD Jones,math.CO,05A05; 11B83,1,2026-09-30T01:00:15Z,JD-Jones-ASES/l2-lean
PALOMAR-2026-09-30-000001,Characterizing digraph support families by rooted-interval deletion,Michael Mislan,math.CO,05C20; 06A15; 05D05,1,2026-09-30T00:48:43Z,mmislan/palomar-p029-digraph-support-families
PALOMAR-2026-09-29-000002,A Lean formalization of the Erdős discrepancy theorem,Sean Huver,math.NT; math.CO,11K38; 11N37; 11M26; 11L15,1,2026-09-29T01:01:26Z,ProofFleet/prooffleet
PALOMAR-2026-09-29-000001,Adversary bounds and the polynomial method for quantum queries,Troy Lee,quant-ph; cs.CC,68Q12; 81P68,1,2026-09-29T00:40:42Z,troyjlee/quantum-query-complexity
PALOMAR-2026-09-28-000004,Conditional Hilbert-space classification of Gromov--Hausdorff space,Yoshito Ishiki,math.GN; math.MG,54E35; 54C55,1,2026-09-28T06:50:30Z,yoshito-ishiki-math/lean-gh-space-hilbert
PALOMAR-2026-09-28-000003,Lean Formalization of Interpreting Lambda Calculus in Domain-Valued Random Variables (CSL 2026),Lars Warren Ericson,cs.LO; cs.PL; math.LO,68Q55; 06D99; 03B70; 68V20,1,2026-09-28T06:12:25Z,catskillsresearch/scott2026
PALOMAR-2026-09-28-000002,Local class field theory in Lean 4.35.0-rc2,Naganori Yamaguchi,math.NT,11S31,1,2026-09-28T05:35:39Z,n-yamaguchi-0729/FiniteAbelianLocalReciprocityv2
PALOMAR-2026-09-28-000001,Global class field theory in Lean 4.35.0-rc2,Naganori Yamaguchi,math.NT,11R37,1,2026-09-28T04:50:22Z,n-yamaguchi-0729/FiniteAbelianGlobalReciprocityv2
PALOMAR-2026-09-27-000006,Péterfalvi's Problem for p = 3: No Group Satisfies Hypothesis (B),Yawara Ishida,math.GR; math.NT,20D05; 20D10; 11T06,1,2026-09-27T02:21:31Z,yawara/peterfalvi-problem
PALOMAR-2026-09-27-000005,The Four Color Theorem (Lean 4 port of Gonthier's Coq proof),Robert D. Barish,math.CO,05C15; 05C10; 68V20; 68V15,1,2026-09-27T01:43:13Z,RBarish-UTokyo/FourColorTheorem-Lean4
PALOMAR-2026-09-27-000004,"Zero forcing number of the generalized Petersen graphs P(n,3)",John Fairfax-Ball,math.CO,05C50,1,2026-09-27T01:34:24Z,jfairfaxball-348/Petersen-Zero-Forcing
PALOMAR-2026-09-27-000003,Equivalence of the RAF abundance conjecture and Frankl's union-closed sets conjecture,Michael Mislan,math.CO; q-bio.MN,05D05; 92C42; 68V20,1,2026-09-27T01:24:40Z,mmislan/palomar-p020-raf-abundant-reactions
PALOMAR-2026-09-27-000002,Corvaja–Zannier 2004: rational approximations to the powers of an algebraic number,Ralf Stephan,math.NT,11J68; 11R06; 11J70; 11A55; 11J87,1,2026-09-27T01:14:44Z,rwst/Subspace-Theorems
PALOMAR-2026-09-27-000001,Uniform Minor-Arc Cancellation for Primes at the X^{2/15+ε} Scale,Conor Grogan,math.NT,11N37,1,2026-09-27T01:05:19Z,jconorgrogan/prime-minor-arcs-2-15
PALOMAR-2026-09-26-000005,Metric TSP subtour-LP integrality gap,Troy Lee,cs.DS; math.CO,90C27; 05C45,1,2026-09-26T13:32:24Z,troyjlee/tcs-formalizations
PALOMAR-2026-09-26-000004,Existence of a Model Companion for Groups of Exponent 3: Lean Formalization,Yawara Ishida,math.LO; math.GR,03C60; 20A15,2,2026-09-26T12:58:07Z,yawara/t3-model-companion
PALOMAR-2026-09-26-000003,Hamilton cycles in Cayley graphs of polylogarithmic degree,Shengtong Zhang,math.CO,05C45; 05C25; 05C48; 05C50; 05C70; 05C80,1,2026-09-26T03:17:12Z,ShengtongZhang-alt/lovasz-opus
PALOMAR-2026-09-26-000002,Myerson-Satterthwaite impossibility theorem (continuous bilateral-trade version),Arthur Freitas Ramos,econ.TH; cs.GT,91B26,1,2026-09-26T02:53:18Z,Arthur742Ramos/myerson-satterthwaite-lean
PALOMAR-2026-09-26-000001,Erdős Problem #1220 in Lean 4: the affirmative statement is not provable in ZFC,Ji Ho Bae (JRTI),math.LO,03E35; 03E02; 03E05; 03E40; 03E55,1,2026-09-26T02:04:54Z,jbaelaw/erdos1220-lean
PALOMAR-2026-09-25-000028,Gibbard-Satterthwaite theorem (strategy-proof social choice),Arthur Freitas Ramos,math.LO; cs.GT,91B14,1,2026-09-25T21:11:21Z,Arthur742Ramos/gibbard-satterthwaite-lean
PALOMAR-2026-09-25-000027,"MAF composition criteria, exact enumeration of child-selection autocatalytic cores, and degradation regions of linear diluted source networks",Michael Mislan,q-bio.MN; math.CO,92C42; 15A39; 05C70; 15B48,1,2026-09-25T20:44:40Z,mmislan/palomar-p011-modular-autocatalytic-interfaces
PALOMAR-2026-09-25-000026,"At least one of the 2-adic zeta values ζ₂(7), ζ₂(9) is irrational",Gennaro Marco Devincenzis,math.NT,11J72; 11S40; 11S80; 11M06,1,2026-09-25T20:15:02Z,gmDevi/zeta2-7-9-lean
PALOMAR-2026-09-25-000025,Same-ground RAF realizability of finite interior operators and the four-reaction threshold for the empty-or-at-least-three family,Michael Mislan,math.CO,05B35; 05C20,1,2026-09-25T20:03:47Z,mmislan/palomar-p005-raf-interior-realizability
PALOMAR-2026-09-25-000024,Arrow's impossibility theorem (general finite version),Arthur Freitas Ramos,math.LO; cs.GT,91B14,1,2026-09-25T19:02:37Z,Arthur742Ramos/arrow-impossibility-lean
PALOMAR-2026-09-25-000023,"At least one of the 2-adic zeta values ζ₂(7), ζ₂(9), ζ₂(11) is irrational",Gennaro Marco Devincenzis,math.NT,11J72; 11S40; 11S80; 11M06; 33C20,1,2026-09-25T17:53:11Z,gmDevi/zeta2-7-9-11-lean
PALOMAR-2026-09-25-000022,"Heights, Siegel's lemma, Roth's theorem and the Subspace Theorems in Lean",Ralf Stephan,math.NT,11J87; 11J68; 11G50; 11J25; 11H06; 11D61; 11D57; 11D59,1,2026-09-25T16:31:31Z,rwst/Subspace-Theorems
PALOMAR-2026-09-25-000021,Linear-size autocatalytic sets are asymptotically absent in the sparse binary polymer model,Michael Mislan,math.PR,60C05; 05C65,1,2026-09-25T15:40:31Z,mmislan/palomar-p012-sparse-raf-exclusion
PALOMAR-2026-09-25-000020,Attainment of 2n-1 positive steady states in sequential distributive phosphorylation,Michael Mislan,math.DS,34C23; 92C45,1,2026-09-25T15:30:11Z,mmislan/palomar-p080-phosphorylation-attainment
PALOMAR-2026-09-25-000019,Unistationarity of Type II_l autocatalytic cores with positive degradation,Michael Mislan,math.DS,34C05; 92C42,1,2026-09-25T15:05:41Z,mmislan/palomar-p006-type-ii-unistationarity
PALOMAR-2026-09-25-000018,Irrationality of the Riemann zeta value at five,Azriel Fasten,math.NT,11J72; 11M06,1,2026-09-25T14:41:39Z,realazthat/zeta5-lean2
PALOMAR-2026-09-25-000017,Pascal Minus-One GCD,John Fairfax-Ball,math.NT,11B65,1,2026-09-25T13:33:59Z,jfairfaxball-348/pascal-minus-one
PALOMAR-2026-09-25-000016,HighContrastHomogenization,Scott Armstrong; Tuomo Kuusi; Amélie Loher,math.AP; math.PR,35B27; 35J15; 60K37,1,2026-09-25T13:24:10Z,scottnarmstrong/HighContrastHomogenization
PALOMAR-2026-09-25-000015,Formalization of Scott's Measurement Structures and Linear Inequalities in Lean 4,Lars Warren Ericson; Dana S. Scott; Vijay D'Silva; Brian Milnes,cs.LO; math.LO; econ.TH,91C05; 15A39; 91B16; 68V20,1,2026-09-25T12:54:19Z,catskillsresearch/scott1964
PALOMAR-2026-09-25-000014,Sunflower bounds,Troy Lee,math.CO; cs.DM,05D05,1,2026-09-25T11:22:09Z,troyjlee/tcs-formalizations
PALOMAR-2026-09-25-000013,Nash bargaining solution axiomatic characterization,Arthur Freitas Ramos,math.LO; cs.GT,91A12,1,2026-09-25T11:04:29Z,Arthur742Ramos/nash-bargaining-lean
PALOMAR-2026-09-25-000012,An exact counterexample to the D-unstable-core conjecture for parameter-rich reaction networks,Michael Mislan,math.DS,15A18; 34D20,1,2026-09-25T10:48:11Z,mmislan/palomar-p003-d-unstable-cores
PALOMAR-2026-09-25-000011,Nonnegativity cutoffs for level-one modular forms,Paul Jenkins,math.NT,11F11; 11F30,1,2026-09-25T10:36:50Z,jenkins-byu/nonnegativity-cutoffs-lean
PALOMAR-2026-09-25-000010,Tree stacking equals the Csernák--Soukup estimator on nontrivial finite trees,John Fairfax-Ball,math.CO,05C05,1,2026-09-25T10:18:52Z,jfairfaxball-348/TreeStack-Structural-Certificates-for-Stacking-on-Trees
PALOMAR-2026-09-25-000009,Weighted support criteria for reciprocal Mersenne subseries,Will Cook,math.NT,11J72; 11B83,1,2026-09-25T07:59:15Z,wcook04/plectis-erdos-lean
PALOMAR-2026-09-25-000008,Shapley value axiomatic characterization,Arthur Freitas Ramos,math.LO; cs.GT,91A12,1,2026-09-25T07:36:17Z,Arthur742Ramos/shapley-value-lean
PALOMAR-2026-09-25-000007,"lean-LCS: locally convex spaces, duality, and closed graph theorems in Lean 4",Bastiaan J. Braams,math.FA,46A03; 46A08; 46A30; 46A20; 46A25; 46A13; 46A04,1,2026-09-25T07:12:06Z,bjbraams/lean-LCS
PALOMAR-2026-09-25-000006,Dimension-independent Hlawka constants for Schatten norms,Ezzeri Esa,math.FA; math.OA,47A30; 47B10; 46B20,1,2026-09-25T06:55:11Z,savarin/hlawka-schatten
PALOMAR-2026-09-25-000005,A left PCI left V-domain that is not right PCI and not a right V-domain,Vlad Tsyrklevich,math.RA,16D50; 16S36; 16K40; 16S10,1,2026-09-25T06:45:47Z,vlad902/left-pci-v-domain-not-right-pci-v-domain
PALOMAR-2026-09-25-000004,Classical Seifert–van Kampen theorem for the fundamental groupoid,Arthur Freitas Ramos,math.AT; math.CT,55Q05; 18B40,1,2026-09-25T05:30:20Z,Arthur742Ramos/classical-svk-lean
PALOMAR-2026-09-25-000003,"Erdős 1007, dimension five: fifteen edges, attained by K6 and K1,3,3",Dishant Shah,math.CO; math.MG,05C62; 52C10,1,2026-09-25T05:20:10Z,Dishah3241/Erdos1007Dim5
PALOMAR-2026-09-25-000002,The quasi-isometry classes of Galton–Watson trees: Lean formalisation,Jayadev S. Athreya; Sascha Troscheit,math.PR; math.MG,60J80; 05C80; 51F30; 05C05,1,2026-09-25T05:05:06Z,sascha2718/qi-trees-and-matching-lean
PALOMAR-2026-09-25-000001,Absence of bounded-orbit wandering domains,Nikolai Prochorov; Lasse Rempe; James Waterman,math.DS; math.CV,37F10; 30D05; 30F45,1,2026-09-25T00:05:55Z,LR-UK/Bounded-orbit-wandering-domains
PALOMAR-2026-09-24-000001,The Favard-length decay exponent of the four-corner Cantor set is at least 1/4,Yongxi Lin,math.CA; math.MG,28A80; 28A75; 42A38,1,2026-09-24T01:22:12Z,CoolRmal/FavardLength
PALOMAR-2026-09-23-000004,Verified finite automata for finitely generated subgroups of F₂,Arthur Freitas Ramos,math.GR; math.LO,20E05; 68Q45; 03B35,1,2026-09-23T05:20:13Z,Arthur742Ramos/stallings-folding
PALOMAR-2026-09-23-000003,Unit-distance graphs of dimension four with nine edges,Dishant Shah,math.CO; math.MG,05C62; 52C10,1,2026-09-23T04:55:09Z,Dishah3241/Erdos1007
PALOMAR-2026-09-23-000002,Positive density of Collatz convergence at every rate above 3/log(4/3),Idris Ali Shaik,math.NT,11B83; 37P99,1,2026-09-23T04:46:48Z,shaikidris/CollatzConvergencePositiveDensity
PALOMAR-2026-09-23-000001,Zero density theorems for short intervals,Andrew Fiori,math.NT,11M26; 11M06; 11Y35; 68V20,1,2026-09-23T01:19:36Z,andrewfiori/ZeroDensityInShortIntervals
PALOMAR-2026-09-22-000003,CaffarelliKohnNirenberg,Scott Armstrong; Vlad Vicol,math.AP,35Q30; 35B65; 76D05; 76D03; 35D30,1,2026-09-22T08:59:24Z,scottnarmstrong/CaffarelliKohnNirenberg
PALOMAR-2026-09-22-000002,Small undecidable groups and fixed-size Adian–Rabin families,Marc Kegel; Shana Yunsheng Li; Qiuyu Ren,math.GR; math.LO,20F10; 20F05; 03D35,1,2026-09-22T06:26:20Z,32805433/Adian-Rabin
PALOMAR-2026-09-22-000001,A counterexample to the unrestricted form of Eden's conjecture,Matthew J. Colbrook,math.DS,37C45; 37D25; 34D45,1,2026-09-22T00:46:57Z,MColbrook/Eden_conjecture
PALOMAR-2026-09-21-000007,SCOPE and REACH with almost-surely finite stopping times,Luke Solo; Matthew B. A. McDermott; William F. Parker; Bashar Ramadan; Michael C. Burkhart; Brett K. Beaulieu-Jones,stat.ML; math.PR,62F10; 65C05; 60G40,1,2026-09-21T22:20:16Z,bbj-lab/Scope-Reach-Formalized
PALOMAR-2026-09-21-000006,A transexponential o-minimal structure,Artem Chernikov,math.LO,03C64,1,2026-09-21T22:09:41Z,archernikov/abel-formalization
PALOMAR-2026-09-21-000005,Unrestricted Boolean multiplicative complexity of four-term polynomial multiplication,Gregory Morse,cs.CC; cs.DS,,1,2026-09-21T21:44:08Z,GregoryMorse/unrestricted-boolean-mul
PALOMAR-2026-09-21-000004,Lower bounds for sets without perfect-power differences,JD Jones,math.NT; math.CO,11B30; 11B75; 05C20,1,2026-09-21T12:59:05Z,JD-Jones-ASES/nk-lean
PALOMAR-2026-09-21-000003,"Regular configurations, Palm deficits and the cumulant obstruction",Brice Pouly,math.NT; math.PR,11K65; 60F05,1,2026-09-21T09:06:01Z,Vulkin-prog/paper-c-lean
PALOMAR-2026-09-21-000002,Microscopic signed fields and empirical Poisson laws,Brice Pouly,math.NT; math.PR,11K65; 60F05,1,2026-09-21T04:13:44Z,Vulkin-prog/paper-c-lean
PALOMAR-2026-09-21-000001,An atomic decomposition of one-dimensional metric currents without boundary,"Daniel Spector (NTNU, Taipei)",math.FA,49Q15; 30L99; 28A75,1,2026-09-21T03:35:53Z,Inspectordaniel/metric-surgery-lean
PALOMAR-2026-09-19-000002,Bounds 1.6855 and 3.879 for the planar centred Hardy-Littlewood maximal constant over squares,Yongxi Lin,math.CA; math.FA,42B25; 26D15; 35R11,2,2026-09-20T22:24:58Z,CoolRmal/centered-maximal-constant
PALOMAR-2026-09-20-000013,One-Sided Affine Obstructions in Complete Bipartite Hat Guessing,Myunglae Jo,math.CO,05C57; 91A43; 11T06,1,2026-09-20T20:48:26Z,insammael/one-sided-affine-hat-guessing
PALOMAR-2026-09-20-000012,Microscopic–bulk crossover and conditional affine laws,Brice Pouly,math.NT; math.PR,11K65; 60F05,1,2026-09-20T20:22:50Z,Vulkin-prog/paper-c-lean
PALOMAR-2026-09-20-000011,"Microscopic boundary, prefixes and longest runs",Brice Pouly,math.NT; math.PR,11K65; 60F05,1,2026-09-20T19:05:30Z,Vulkin-prog/paper-c-lean
PALOMAR-2026-09-20-000010,The order-six stable-marriage finite-poset bound,Myunglae Jo,math.CO,06A07,1,2026-09-20T18:44:32Z,insammael/stable-marriage-f6
PALOMAR-2026-09-20-000009,Fischer's 24-vertex zero-forcing counterexample,John Fairfax-Ball,math.CO,05C50; 05C69,1,2026-09-20T17:36:28Z,jfairfaxball-348/Fischer-Zero-Forcing-Counterexample
PALOMAR-2026-09-20-000008,Erdős 973: power sums cannot all be exponentially small,Linmiao Xu,math.CV; math.NT,,1,2026-09-20T17:21:11Z,linrock/math-proofs
PALOMAR-2026-09-20-000007,Threshold staircases and the Poisson–Gaussian bridge,Brice Pouly,math.NT; math.PR,11K65; 60F05,1,2026-09-20T17:01:48Z,Vulkin-prog/paper-c-lean
PALOMAR-2026-09-02-000011,A machine-checked bound of 0.6934 for Besicovitch's 1/2-problem,Yongxi Lin,math.CA; math.MG,28A75; 28A78; 49Q15; 68V20; 90C05,2,2026-09-20T15:48:56Z,CoolRmal/Besicovitchs-1-2
PALOMAR-2026-09-20-000006,A formal proof of the Kung–Traub conjecture,Matthew J. Colbrook,math.NA,65H05,1,2026-09-20T13:01:49Z,MColbrook/Kung-Traub_conjecture
PALOMAR-2026-09-20-000005,Improved SparseStack Constants,Diar Heidary,math.PR; math.NA,60B20; 68W20; 65F55,1,2026-09-20T12:50:48Z,DiarHaidary/Improved-SparseStack-Constants
PALOMAR-2026-09-20-000004,"Typical dictionaries, exact marks and compound Poisson clusters",Brice Pouly,math.NT; math.PR,11K65; 60F05,1,2026-09-20T12:06:47Z,Vulkin-prog/paper-c-lean
PALOMAR-2026-09-20-000003,Critical Poisson fields and information-adapted conditioning,Brice Pouly,math.NT; math.PR,11K65; 60F05,1,2026-09-20T09:10:29Z,Vulkin-prog/paper-c-lean
PALOMAR-2026-09-20-000002,Erdős 689: eventual double covering by prime residue classes,Linmiao Xu,math.NT; math.CO,,1,2026-09-20T01:54:52Z,linrock/math-proofs
PALOMAR-2026-09-20-000001,Finite tight Blackwell approachability-to-improper phi-regret reduction in Lean,Arthur Freitas Ramos; Ruy Jose Guerra Barretto de Queiroz; David Barros Hulak,cs.GT; cs.LG,91A26; 68T05,1,2026-09-20T01:32:50Z,Arthur742Ramos/blackwell-approachability-lean
PALOMAR-2026-09-19-000006,An interval-moment criterion for square-difference-free integer sets,Eric Naslund,math.NT; math.CO,11B75; 05D05,1,2026-09-19T20:21:25Z,enaslund/sarkozy-lower-bound-0.758
PALOMAR-2026-09-19-000005,definable-saturated,Elliot Glazer,math.LO,03C62; 03E35; 03E40,1,2026-09-19T15:54:53Z,elliotglazer/definable-saturated
PALOMAR-2026-09-19-000004,Irrationality of the 7-adic zeta value ζ₇(3),Yi Taifeng,math.NT,11J72; 11S40; 11F33; 11F85; 11B68; 68V20,1,2026-09-19T13:25:34Z,TaifengYi/zeta7-irrationality
PALOMAR-2026-09-19-000003,BKARForestFormula,Scott Armstrong,math-ph; math.PR,82B05; 81T15; 05C05,1,2026-09-19T11:49:03Z,scottnarmstrong/BKARForestFormula
PALOMAR-2026-09-19-000001,NKBesicovitch,Yongxi Lin,math.CA,42B25; 28A75,1,2026-09-19T03:22:41Z,CoolRmal/NKBesicovitch
PALOMAR-2026-09-18-000009,A convex body variant of Soberon's counterexample to the Grünbaum conjecture.,Arseniy Akopyan,math.CO,52C35; 52A37,1,2026-09-18T22:06:01Z,akopjan/Grunbaum-counterexample
PALOMAR-2026-09-18-000008,"Several complex variables: local theory, Hartogs phenomena, Weierstrass theory, domains of holomorphy and pseudoconvexity",Bastiaan J Braams,math.CV,32A10; 32A05; 32D05; 32D15; 32D20; 32B05; 32U05; 68V20,1,2026-09-18T19:52:45Z,bjbraams/lean-SCV
PALOMAR-2026-09-18-000007,Sharp symmetry bounds for real plane algebraic curves (Theorem 1),Carlo Perassi,math.AG; math.MG,14H50; 14P05; 51N20,1,2026-09-18T14:29:47Z,carlok/sharp-symmetry-bounds-lean
PALOMAR-2026-09-18-000006,Birnbaum’s principles in Venn diagrams: Extended version with Lean verification,Jaime Enrique Lincovil Curivil; Alexandre Galvão Patriota,math.ST,62A01; 62B05,1,2026-09-18T13:32:41Z,AGPatriota/Birnbaum_Theorem_VennDiagrams
PALOMAR-2026-09-18-000005,Yu-Wang-Samworth 2015: population-gap eigenspace and singular-subspace perturbation bounds,Jon Crall; Edward Wang,math.ST; math.FA,62H25; 47A55; 15A42; 15A18; 65F15,1,2026-09-18T11:51:01Z,AIQ-Kitware/aiq-yu-wang-samworth-2015-useful-variant-davis-kahan-statisticians-formalization
PALOMAR-2026-09-18-000004,"gnm-lean: the number of partitions of {1, ..., n} into sets of at most three elements with power-of-three sums",JD Jones,math.CO; math.NT,05A17; 11B75,1,2026-09-18T10:26:09Z,JD-Jones-ASES/gnm-lean
PALOMAR-2026-09-18-000003,Komlós conjecture,Gabriel Dahia,math.CO; cs.DM,11K38; 05C65; 05D40; 68R05,1,2026-09-18T09:55:01Z,gdahia/komlos
PALOMAR-2026-09-18-000002,Endpoint estimates for Stein's purely quadratic Carleson operator,Anastasios Fragkos,math.CA; math.FA,42B20,1,2026-09-18T09:42:45Z,anastasiosfragkosmath/quadratic-carleson-palomar-submission
PALOMAR-2026-09-18-000001,Superdiffusion,Scott Armstrong; Tuomo Kuusi,math.PR; math.AP; math-ph,60K37; 35B27; 60J60,1,2026-09-18T09:31:26Z,scottnarmstrong/Superdiffusion
PALOMAR-2026-09-17-000006,Resonance-cluster analysis for a proposed counterexample to Fried's conjecture,Benjamin Lawton,math.DS; math.SP,37C30; 37D20; 58J52; 57Q10,1,2026-09-17T06:43:25Z,blawton/fried-conj-lean
PALOMAR-2026-09-17-000005,Sectorial asymptotics for centered Riemann-xi coefficients,John Savva,math.NT; math.CV,11M06; 30D10; 30E15,1,2026-09-17T05:07:35Z,aimathpapers/Jensen-Two-Thirds-Palomar-T5
PALOMAR-2026-09-17-000004,"A formalization of Chang, Liu, and Liu's proof of Chvátal's conjecture",Boon Suan Ho,math.CO; math.PR,05D05,1,2026-09-17T04:26:16Z,boonsuan/chvatal
PALOMAR-2026-09-17-000003,"ns-lean: Naslund's Conjecture 13 is false at q = 3, k = 2, for every n congruent to 0 mod 4 with n >= 8",JD Jones,math.NT; math.CO,11T55; 11B30; 05B40,1,2026-09-17T01:26:28Z,JD-Jones-ASES/ns-lean
PALOMAR-2026-09-17-000002,Chain Bounding,Pedro Sánchez Terraf,math.LO,03E25; 06A06,1,2026-09-17T01:15:40Z,sterraf/chain-bounding
PALOMAR-2026-09-14-000009,Termination of the classical inflation hierarchy on pair-source networks,William Blair,quant-ph; math.ST,81P13; 62A09; 68Q17; 60E15; 05C90,2,2026-09-17T01:01:19Z,williamjblair/inflation-termination
PALOMAR-2026-09-17-000001,Davis-Kahan 1970: the four Section 2 rotation-of-eigenvectors theorem families,Jon Crall; Edward Wang,math.FA; math.NA,47A55; 47A15; 15A42; 65F15,1,2026-09-17T00:41:26Z,AIQ-Kitware/aiq-davis-kahan-1970-rotation-eigenvectgors-perturbation-formalization
PALOMAR-2026-09-16-000001,The exponential map is chaotic,Lasse Rempe,math.DS; math.CV,37F10; 30D05,1,2026-09-16T00:00:32Z,LR-UK/exp-chaotic
PALOMAR-2026-08-26-000006,BSCAveraging,Georg Pichler,cs.IT; math.IT,94A17; 94A15; 94A40; 94A34; 26D07,3,2026-09-15T23:28:06Z,g-pichler/bsc-averaging
PALOMAR-2026-09-15-000008,Formalization of norm-variation of multiple ergodic averages for commuting transformations,Floris van Doorn; Polona Durcik; Joris Roos; Lenka Slavíková; Christoph Thiele,math.CA; math.DS,42B20; 42B15; 37A30,1,2026-09-15T23:09:09Z,roos-j/lean-nct
PALOMAR-2026-09-15-000007,MarkovProcess,Scott Armstrong,math.PR,60J25; 60J35; 60G17,1,2026-09-15T18:36:11Z,scottnarmstrong/MarkovProcess
PALOMAR-2026-09-15-000006,CoarseGraining,Scott Armstrong; Tuomo Kuusi,math.AP,35B27; 60K37; 35J15,1,2026-09-15T17:44:07Z,scottnarmstrong/CoarseGraining
PALOMAR-2026-09-15-000005,Constructive families and an extension theorem for binary permutation X-rays,JD Jones,math.CO,05A05; 05C70,1,2026-09-15T15:08:29Z,JD-Jones-ASES/x-ray-lean
PALOMAR-2026-09-15-000004,B. C. Carlson's approach to special functions of applied mathematics,Bastiaan J Braams,math.CA; math.CV,33C65; 32A05,1,2026-09-15T13:16:19Z,bjbraams/lean-codes
PALOMAR-2026-09-15-000003,"Erdős Problem 190: every canonical N exceeds (Ck)^k for large k, and H(k)^{1/k}/k → ∞ under the existence hypothesis — a Lean 4 formalization of the qualitative statement of arXiv:2604.20588",Ji Ho Bae,math.CO; math.NT,05D10; 11B25; 05C65,1,2026-09-15T10:31:24Z,jbaelaw/erdos190-lean
PALOMAR-2026-09-15-000002,Integral Matrices of Fixed Rank over Number Fields: Lean formalization,Nihar Gargava,math.NT,11R04; 11H06,1,2026-09-15T09:31:08Z,nihargargava/IntegralMatrices
PALOMAR-2026-09-15-000001,Boundary regularity for non-local operators with symmetric kernels and vanishing horizon,Philipp Svinger,math.AP,47G20; 35B65; 35S15; 35R09,1,2026-09-15T06:53:16Z,philipp-svinger/Math_Lean_Palomar_Vanishing-Horizon-Boundary-Reg
PALOMAR-2026-09-14-000011,Explicit Fourier–Jacobi Haar-core evaluation and Abel limits,Abhishek Saha,math.NT; math.RT,11F70; 11F85,1,2026-09-14T21:39:43Z,abhisaha-git/fourier-jacobi-core-evaluation
PALOMAR-2026-09-12-000002,A Tight Upper Bound for Fully Dynamic Matching on the Line,Yash Kanoria,math.OC; math.PR,68W27; 90C40; 60J20,2,2026-09-14T21:01:55Z,ykanoria/FD1d-Lean
PALOMAR-2026-09-14-000010,Certified naturality and the obstruction to unrestricted naturality in a typed two-dimensional calculus,Arthur F. Ramos,math.LO,03B40; 03B38,1,2026-09-14T20:40:17Z,Arthur742Ramos/two-dimensional-lambda-calculus-lean
PALOMAR-2026-09-14-000008,A Counterexample to the Trace Problem for Uniform Tracial Completions,Sauers,math.OA,46L05; 46L30,1,2026-09-14T16:40:03Z,SauersML/group-approximation
PALOMAR-2026-09-14-000007,Robin1984,Jonas Whidden,math.NT,11M26; 11N37; 03B35,1,2026-09-14T15:54:46Z,kimihiro64/Robin1984
PALOMAR-2026-09-14-000006,MI-32: Lean formalization of the parity and positive-polynomial upper bound,Diar Heidary,math.PR; math.FA,60B20; 60E15; 47A30,1,2026-09-14T15:41:11Z,DiarHaidary/Spectral-norms-of-independent-entries-with-regular-moment-growth
PALOMAR-2026-09-14-000005,Gallai’s Path Decomposition Conjecture for Graphs with Small Bowtie Boundaries,Idris Ali Shaik,math.CO,05C38; 05C70,1,2026-09-14T14:45:15Z,shaikidris/gallai-bowtie-removal
PALOMAR-2026-09-14-000004,To cover a permutohedron,Bochao Kong,math.CO,52B05,1,2026-09-14T06:06:43Z,BochaoKong/permutohedron
PALOMAR-2026-09-14-000003,A proof of Nivat's conjecture,Boon Suan Ho,math.DS; math.CO,37B10; 68R15,1,2026-09-14T04:54:33Z,boonsuan/nivat
PALOMAR-2026-09-14-000002,A Surjunctive Group That Is Not Sofic,Sauers,math.GR; math.DS,20F69; 37B15; 20E06,1,2026-09-14T02:25:08Z,SauersML/group-approximation
PALOMAR-2026-09-14-000001,"md-lean: exact height span, dart mass, and adjugate scaling for Mazur's greedy construction",JD Jones,math.CO; math.MG,05C10; 05C62,1,2026-09-14T02:14:51Z,JD-Jones-ASES/md-lean
PALOMAR-2026-09-13-000003,Lean proofs of Dimitrov's Conjectures 1 and 3,Michael Mazur,math.NT,11A25; 26D15,1,2026-09-13T23:03:42Z,pro20541/dimitrov-conjectures-lean
PALOMAR-2026-09-13-000002,An Infinite Simple Group with Property (T) That Is Sofic and Hyperlinear,Sauers,math.GR; math.OA; math.DS,20E32; 20F65; 22D55; 37B10; 20F69,2,2026-09-13T22:06:58Z,SauersML/group-approximation
PALOMAR-2026-09-13-000001,Rational invariants of three frames in the split Albert algebra: a Lean formalization,Robert R. MacGregor,math.RA,17C40; 17C30,1,2026-09-13T15:40:23Z,macgregor-sudo/albert-frame-triple-invariants
PALOMAR-2026-09-12-000004,"rk-lean: the directed construction for k-th-power-difference-free sets at every k, with the exponents 0.912145 (k = 4) and 0.950826 (k = 6)",JD Jones,math.NT; math.CO,11B30; 11B75; 05C20,1,2026-09-12T18:36:37Z,JD-Jones-ASES/rk-lean
PALOMAR-2026-09-12-000003,Confinement schemas and the reach of block certificates for powers of rational numbers modulo one,Ralf Stephan,math.NT; math.DS,11J71; 11K06; 37E05,1,2026-09-12T09:59:14Z,rwst/Confinement-Certificates
PALOMAR-2026-09-12-000001,The Broughton--Huff theorem on increasing unions of sigma-fields,Yi-Jing Tseng,math.PR,28A05,1,2026-09-12T01:09:22Z,KiringYJ/mathlib4
PALOMAR-2026-09-11-000004,"All-ones polynomials over GF(2) under the substitution X ↦ X² + X + 1 (OEIS A071642, TheoremDB P12771)",Brandon Yates,math.NT,11T06; 12E20,1,2026-09-11T22:24:51Z,BrandonMYates/allones-comparator
PALOMAR-2026-09-11-000003,"ry-lean: sets avoiding {x, x+y, x+y²} — Younis's two-set construction and the exponent 0.77028",JD Jones,math.NT; math.CO,11B30; 11B75; 05D10,1,2026-09-11T20:49:33Z,JD-Jones-ASES/ry-lean
PALOMAR-2026-09-11-000002,The Kolmogorov-Arnold representation theorem,George A. Constantinides,math.CA,26B40; 41A63,1,2026-09-11T19:58:39Z,geoconuk/lean-misc-math
PALOMAR-2026-09-11-000001,Independent Bonnet--Myers diameter and compactness theorem,Arthur Freitas Ramos; David Barros Hulak; Ruy J. G. B. de Queiroz,math.DG; math.LO,53C20; 53C21; 03B35,1,2026-09-11T19:43:55Z,Arthur742Ramos/lean-poincare-formalization-plan
PALOMAR-2026-09-10-000005,The classification of compact 1-manifolds,Jim Fowler; Dennis Sweeney,math.GT; math.GN,57N99; 54F65; 68V20,1,2026-09-10T20:44:02Z,sweeneyde/1mfld
PALOMAR-2026-09-10-000004,Density-one prescribed-rank spectra of prime-cover graphs,Idris Ali Shaik,math.CO; math.NT,05C50; 11N05,1,2026-09-10T13:52:56Z,shaikidris/prime-cover-power-band-spectra-palomar
PALOMAR-2026-09-10-000003,Irreducible improper phi-regret in Lean,Arthur Freitas Ramos,cs.GT; cs.LG,91A26; 68T05,1,2026-09-10T12:37:11Z,Arthur742Ramos/blackwell-approachability-lean
PALOMAR-2026-08-24-000004,Three Sharp Bounds for Hansen Polytopes of Cographs,Jeremy P Parker,math.MG; math.CO,52A40; 52B05; 05C75,2,2026-09-10T09:09:15Z,jeremypparker/mahler-hansen-cograph
PALOMAR-2026-09-10-000002,KR-mod9-lean,Yuma Mizuno,math.NT; math.CO,11P84; 33D15; 11F03,1,2026-09-10T07:59:13Z,yuma-mizuno/KR-mod9-lean
PALOMAR-2026-09-10-000001,Short-Cycle Decompositions and Full Zombie Damage in Cubic Graphs,Lennart Rudolph,math.CO; cs.LO,05C57; 05C75; 68V20,1,2026-09-10T02:22:41Z,lennrt/palomar-formalizations
PALOMAR-2026-09-09-000003,Rerandomized Subsampled Trigonometric Transforms,Diar Heidary,math.NA; cs.DS,60B20; 68W20,1,2026-09-09T21:41:27Z,DiarHaidary/Rerandomized-Subsampled-Trigonometric-Transforms
PALOMAR-2026-09-09-000002,Verified external-to-swap regret reduction and correlated-equilibrium solver,Arthur Freitas Ramos; David Barros Hulak; Ruy Jose Guerra Barretto de Queiroz,cs.GT,91A26; 91A10,1,2026-09-09T14:36:13Z,Arthur742Ramos/correlated-swap-regret-lean
PALOMAR-2026-09-09-000001,Global Stafford,Christopher Albert,math.RA; math.AG,16S32; 14F10,2,2026-09-09T13:59:06Z,itpplasma/global-stafford-formal
PALOMAR-2026-09-08-000006,Lichnerowicz--Obata first eigenvalue and round-sphere rigidity,Arthur Freitas Ramos,math.DG; math.SP; math.LO,53C21; 58J50; 03B35,1,2026-09-08T23:45:46Z,Arthur742Ramos/lean-poincare-formalization-plan
PALOMAR-2026-09-05-000007,Stafford 3.8,Christopher Albert,math.RA,16S32,2,2026-09-08T22:43:14Z,itpplasma/stafford38-formal
PALOMAR-2026-09-08-000005,Sharp Bounds for Graph Matrices,Diar Heidary,math.PR; math.CO,60B20; 05C80; 03B35,1,2026-09-08T20:15:27Z,DiarHaidary/Sharp-Bounds-for-Graph-Matrices
PALOMAR-2026-09-08-000004,A real affine (23_4) configuration,Will Strinz,math.CO; math.MG,51A45; 52C30,1,2026-09-08T16:27:00Z,wstrinz/configuration-23-4
PALOMAR-2026-09-07-000007,Formalization of power weight inequalities for spherical maximal functions,Joris Roos,math.CA,42B25; 28A80,3,2026-09-08T13:37:27Z,roos-j/lean-spherical
PALOMAR-2026-09-08-000003,Erdős–Rado negative stepping-up for ordinal order types,Bruno Jartoux,math.LO; math.CO,03E02; 05D10,1,2026-09-08T11:49:19Z,bjrtx/ordinal-step-up
PALOMAR-2026-09-08-000002,Verified regret matching and finite-time equilibrium computation,Arthur Freitas Ramos,cs.GT,91A10; 91A26,1,2026-09-08T03:30:16Z,Arthur742Ramos/verified-regret-matching-lean
PALOMAR-2026-09-08-000001,Finite correlated equilibria and regret certificates,Arthur Freitas Ramos; David Barros Hulak; Ruy Jose Guerra Barretto de Queiroz,cs.GT,91A10; 91A26,1,2026-09-08T00:51:17Z,Arthur742Ramos/correlated-equilibrium-lean
PALOMAR-2026-09-07-000015,De Lellis--Topping almost-Schur inequality,Arthur Freitas Ramos; David Barros Hulak; Ruy J. G. B. de Queiroz,math.DG; math.LO,53C21; 53C25; 03B35,1,2026-09-07T23:18:01Z,Arthur742Ramos/lean-poincare-formalization-plan
PALOMAR-2026-09-07-000014,Dependent finite mixed Nash equilibria in Lean,Arthur Freitas Ramos,math.LO; cs.LO,91A10,1,2026-09-07T21:39:48Z,Arthur742Ramos/dependent-nash-equilibrium-lean
PALOMAR-2026-09-07-000013,gn-lean: the Gurvich–Naumova partition conjecture,JD Jones,math.CO; math.NT,05A17; 11B75,1,2026-09-07T20:54:40Z,JD-Jones-ASES/gn-lean
PALOMAR-2026-09-07-000010,A two-to-one executable map between Tunnell representation sets under the Tunnell balance,Aakash Gurung,math.NT; math.CO,05C70; 11E25; 11D85; 68W40; 03B35,2,2026-09-07T18:40:28Z,GrgAakash/tunnell-two-to-one-map
PALOMAR-2026-09-07-000012,Moh's P3 curve is a set-theoretic complete intersection,Aakash Gurung,math.AC; math.AG,13C40; 14M10; 13H05; 13P10,1,2026-09-07T18:00:10Z,GrgAakash/moh-p3-set-theoretic-complete-intersection
PALOMAR-2026-09-07-000011,Hoeffding's extrema of the number of successes at a fixed mean,George A. Constantinides,math.PR; math.ST,60E15; 62E15; 60C05,1,2026-09-07T16:58:45Z,geoconuk/lean-misc-math
PALOMAR-2026-09-07-000009,Native Lean finite Nash equilibria,Arthur Freitas Ramos,math.LO; cs.LO,91A10,1,2026-09-07T16:13:11Z,Arthur742Ramos/nash-equilibrium-lean
PALOMAR-2026-09-07-000008,The maximal difference theorem for s-numbers,Mario Ullrich,math.FA; math.OA,47B06; 47L20; 46B06; 41A46,1,2026-09-07T14:30:34Z,mario-ullrich/Lean-SNumbers
PALOMAR-2026-09-07-000006,Ceiling orbits of rational bases are not P-recursive,Ralf Stephan,math.NT; math.CO,11B37; 11A63; 05A15; 68R15; 12H05,1,2026-09-07T10:38:05Z,rwst/Ceiling-Orbits
PALOMAR-2026-08-27-000018,Refined Arbitrary-Target Transport Through Collatz Endpoints,Idris Ali Shaik,math.NT; math.PR,11B83; 37P99; 60F10,3,2026-09-07T08:48:04Z,shaikidris/CollatzEndpointTransport-Palomar
PALOMAR-2026-09-07-000005,Dimension-independent Hlawka constants for Schatten norms,Ezzeri Esa,math.FA; math.OA,47A30; 47B10; 46B20,1,2026-09-07T07:02:37Z,savarin/hlawka-schatten
PALOMAR-2026-09-07-000004,The rearrangement number: non(M) ≤ rr,Vinicius de Oliveira Rodrigues,math.LO,03E17; 40A05,1,2026-09-07T06:03:00Z,vo-rodrigues/rr-equals-nonmeager-paper
PALOMAR-2026-09-07-000003,Distance-shell tomography: product kernels and sharp grid sensing,Lennart Rudolph,math.CO; cs.LO,05C12; 05C50; 68V20,1,2026-09-07T02:43:44Z,lennrt/palomar-formalizations
PALOMAR-2026-09-07-000002,A proof of the Bollobás–Nikiforov conjecture in Lean,Gabriel Coutinho; Yinchen Liu; Thomás Jung Spier; Quanyu Tang; Shengtong Zhang,math.CO,05C50; 05C35; 15B48; 15A18,1,2026-09-07T02:02:54Z,ShengtongZhang-alt/BN
PALOMAR-2026-09-07-000001,Subspace embeddings with the rerandomized SRHT,Yuning Yang,math.NA; math.PR,65F55; 60B20,1,2026-09-07T00:09:59Z,yuningyang19/rerandSRHT_prob_5_6_simons_workshop
PALOMAR-2026-09-06-000006,Marton's conjecture (the polynomial Freiman-Ruzsa conjecture),Aaron Anderson; Mantas Bakšys; Jonas Bayer; Mauricio Collares; Rémy Degenne; Yaël Dillies; Ben Eltschig; Sébastien Gouëzel; Kalle Kytölä; Rob Lewis; Paul Lezeau; Lorenzo Luccioli; Heather Macbeth; Patrick Massot; Arend Mellendijk; Kyle Miller; Pietro Monticone; Kim Morrison; Oliver Nash; Utensil Song; Terence Tao; Floris van Doorn; Sky Wilshaw; Lawrence Wu,math.CO; math.NT,11B30; 11P70; 20K01; 94A17,1,2026-09-06T16:49:17Z,teorth/pfr
PALOMAR-2026-09-06-000005,The density Hales–Jewett theorem and Szemerédi's theorem,Gabriel Dahia,math.CO,05D10; 05A05; 11B75; 68R15,1,2026-09-06T16:15:49Z,gdahia/DensityHalesJewett
PALOMAR-2026-08-26-000005,Polylogarithmic Descent for Almost All Collatz Orbits in Natural Density,Idris Ali Shaik,math.NT,11B83; 37P99,4,2026-09-06T14:34:04Z,shaikidris/FirstPassageLinearTransport-Palomar
PALOMAR-2026-09-06-000004,Double-contracted second Bianchi identity for metric-compatible torsion-free connections,Arthur Freitas Ramos; David Barros Hulak; Ruy J. G. B. de Queiroz,math.DG; gr-qc; math.LO,53B20; 53C21; 03B35,1,2026-09-06T14:20:32Z,Arthur742Ramos/lean-poincare-formalization-plan
PALOMAR-2026-08-19-000003,"A proof of the Regts–Sevenster conjecture, formalized",William Whistler,math.CO; math.CT,05C31; 05C50; 18M05; 18M25; 20C30; 68V20,2,2026-09-06T12:36:49Z,WillWhistler/Regts-Sevenster
PALOMAR-2026-09-06-000003,Spherical maximal functions: theorems of Stein and Bourgain,Joris Roos,math.CA,42B25,1,2026-09-06T11:29:01Z,roos-j/lean-stein-bourgain-palomar
PALOMAR-2026-08-31-000013,Lean formalization toward Bugeaud Problem 10.61,Ralf Stephan,math.NT; math.DS,11K06; 11J71; 11R06; 37B10; 28A80; 37D35; 37A35,2,2026-09-06T08:42:06Z,rwst/Pisot-Cantor-61
PALOMAR-2026-08-19-000002,elliotglazer/erdos501,Elliot Glazer,math.LO; math.CO,03E35; 03E75; 03E40; 03E50; 05D10; 28A05,3,2026-09-06T08:36:03Z,elliotglazer/erdos501
PALOMAR-2026-09-06-000002,The sharp finite-field Nikodym exponent,Ting-Wei Chao; Zach Hunter; Cosmin Pohoata; Hung-Hsun Hans Yu; Shengtong Zhang,math.CO; math.AG,05B25; 11T06; 13D40; 14G15,1,2026-09-06T05:02:14Z,ShengtongZhang-alt/Nikodym
PALOMAR-2026-08-23-000002,rwst/Square-Roots,"Ralf Stephan (direction, review, paper author)",math.NT; math.DS,11J71; 11K16; 11A63; 28A80; 11B83,2,2026-09-06T02:02:50Z,rwst/Square-Roots
PALOMAR-2026-08-24-000002,rwst/Confinement-Certificates,"Ralf Stephan (direction, review, paper author)",math.NT; math.DS,11J71; 11K06; 37B10,2,2026-09-06T01:41:46Z,rwst/Confinement-Certificates
PALOMAR-2026-09-06-000001,Convex geometry and the Erdős–Ginzburg–Ziv problem: Theorem 1.2,Dmitrii Zakharov,math.CO,11B30; 11H06,1,2026-09-06T01:34:29Z,zakharov2k/EGZ-formal-proof
PALOMAR-2026-09-05-000006,The global Kronecker–Weber theorem in Lean 4,Naganori Yamaguchi,math.NT,11R37,1,2026-09-05T22:48:24Z,n-yamaguchi-0729/KroneckerWeber
PALOMAR-2026-09-05-000005,Li's criterion for the Riemann Hypothesis,Nicholas Bulka,math.NT,11M26; 11M06; 30D15,1,2026-09-05T22:19:40Z,nicholasbulka/li-criterion-rh-equivalence-lean
PALOMAR-2026-09-05-000004,"Exact four-dimensional projection quality of the OneTwo Sobol' table at 65,536 points",Lennart Rudolph,math.NA; cs.NA,11K38; 11K45; 65C05; 65D30,1,2026-09-05T21:10:48Z,lennrt/palomar-formalizations
PALOMAR-2026-09-05-000003,N4Code: optimal finite-length block codes of size four for binary symmetric channels,Shenghao Yang; Yanyan Dong,cs.IT; math.IT,94B05,1,2026-09-05T09:12:09Z,shhyang/n4code_lean
PALOMAR-2026-09-05-000002,The optimal universal exponential base for Euclidean kissing numbers,Sébastien Palcoux,math.MG; math.CO,52C17; 52C35,1,2026-09-05T04:02:06Z,sebastienpalcoux/sqrt6-kissing-bound
PALOMAR-2026-09-05-000001,Brill--Noether generality and gonality for chains of cycles and theta graphs,Nathan Pflueger,math.CO,05C57; 14T15; 14H51,1,2026-09-05T03:47:28Z,npflueger/brill-noether-graphs
PALOMAR-2026-09-04-000005,Carlet's Kasami cyclic-additive conjecture,D.S. McNeil; Gábor P. Nagy; Attila Vajda,math.CO; math.NT,11T06; 11T71; 94A60,1,2026-09-04T21:19:16Z,dsm054/kasami_cyclic_additive
PALOMAR-2026-09-04-000004,Sharp arithmetic separation in chiral Padovan histories,Stephanie Alexander,math.DS; math.NT,37B10; 11K16; 52C23; 11E04,1,2026-09-04T18:52:12Z,stalex444/chiral-padovan-histories
PALOMAR-2026-09-04-000003,"A kernel-checked exclusion certificate for Erdős Problem 647, to 10^8",Ibrahim Mian; Shayaan Siddique,cs.LO; math.NT,11N56; 68V20,1,2026-09-04T13:23:33Z,ibrahimmian36/palomar-decanus
PALOMAR-2026-09-04-000002,"Combinatorial core of the K₃,₃,₁-redundancy theorem for tetrahedral balls",Lennart Rudolph,math.CO; cs.CG,05C10; 05C40; 05C83; 55N10; 57Q15; 68U05,1,2026-09-04T05:46:22Z,lennrt/palomar-formalizations
PALOMAR-2026-09-04-000001,Even-order Grünschloß–Keller permutation nets: net property and tiling distance,Lennart Rudolph,math.NA; cs.LO,11K38; 65C05; 65D18; 68V20,1,2026-09-04T04:59:22Z,lennrt/palomar-formalizations
PALOMAR-2026-09-03-000007,Tucker's Lemma: Full Combinatorial & Topological Parity Suite in 1D and 2D,Noah Cohen,math.CO; math.AT,05C10; 55M20; 57M15,1,2026-09-03T22:26:28Z,sneed-and-feed/lean-theorems-1
PALOMAR-2026-09-03-000006,Erdős Problem 684: f(n)/log n is unbounded — a Lean 4 formalization of arXiv:2604.23784,Ji Ho Bae,math.NT; math.CO,11B65; 11N05; 11A51,1,2026-09-03T18:32:41Z,jidodat/erdos684-lean
PALOMAR-2026-09-03-000005,Sharp bounds for intervals in finite subgroup lattices,Sébastien Palcoux,math.GR; math.CO,20D30; 20E15; 05A16,1,2026-09-03T14:23:54Z,sebastienpalcoux/sharp-intermediate-subgroup-bounds
PALOMAR-2026-09-03-000004,"Radial harmonic functions on a real inner product space: the classification, the Laplacian of radial functions, and the stability of circular orbits for power-law central forces; Ehrenfest's dimensionality argument (1917) as the application",Stephanie Alexander,math.CA; math.AP; math-ph; physics.class-ph,31B05; 35J05; 34A05; 70F05; 70H14; 70K20,1,2026-09-03T13:09:29Z,stalex444/radial-harmonic-classification
PALOMAR-2026-08-20-000006,rwst/Even-Integral,"Ralf Stephan (direction, review, paper author)",math.NT; math.DS,11J71; 11K16; 11R06; 11B37; 11B39; 68V20,2,2026-09-03T06:15:29Z,rwst/Even-Integral
PALOMAR-2026-08-21-000011,lennrt/palomar-formalizations,Lennart Rudolph,math.CO,05C12; 05C76; 68R10,2,2026-09-03T06:12:24Z,lennrt/palomar-formalizations
PALOMAR-2026-08-21-000010,lennrt/palomar-formalizations,Lennart Rudolph,cs.GR; math.NA,15A18; 65D07; 65D17; 65F15,2,2026-09-03T06:09:04Z,lennrt/palomar-formalizations
PALOMAR-2026-08-21-000008,lennrt/palomar-formalizations,Lennart Rudolph,cs.DS; math.CO,05C20; 05C38; 68Q25; 68R10,2,2026-09-03T06:05:05Z,lennrt/palomar-formalizations
PALOMAR-2026-08-21-000007,lennrt/palomar-formalizations,Lennart Rudolph,math.CO,05C62; 05C75; 06A07; 68R15,2,2026-09-03T05:58:54Z,lennrt/palomar-formalizations
PALOMAR-2026-08-21-000002,lennrt/palomar-formalizations,Lennart Rudolph,math.CO; cs.CG,05C10; 05C45; 68R10,2,2026-09-03T05:55:09Z,lennrt/palomar-formalizations
PALOMAR-2026-09-03-000003,"Tverberg's Partition Theorem, 1D Theorem, and Colorful 1D Theorem",Noah Cohen,math.MG; math.CO,52A35; 52C10; 52A20,1,2026-09-03T05:14:01Z,sneed-and-feed/lean-theorems-1
PALOMAR-2026-09-03-000002,A proof of Conway's refinement conjecture,Dan Abramov,math.LO; math.RA,13F25; 13F15; 13A05; 03E10,1,2026-09-03T00:54:09Z,gaearon/conway-refinement
PALOMAR-2026-08-29-000014,ukiyois/hs-virial-nbc-identity,ukiyois,math.CO; math-ph,05C15; 82B05,2,2026-09-03T00:25:02Z,ukiyois/hs-virial-nbc-identity
PALOMAR-2026-09-03-000001,Ore's and Dirac's Theorems on Hamiltonian Cycles,Noah Cohen,math.CO,05C38; 05C45,1,2026-09-03T00:21:10Z,sneed-and-feed/lean-theorems-1
PALOMAR-2026-09-02-000007,Levi–Civita connections and metric-determined curvature invariants in Lean,Arthur Freitas Ramos; David Barros Hulak; Ruy J. G. B. de Queiroz,math.DG; math.LO,53C21; 53C25; 03B35,3,2026-09-03T00:09:33Z,Arthur742Ramos/lean-poincare-formalization-plan
PALOMAR-2026-09-02-000014,"The trace form of a tensor product of algebras and the signature product rule, with the trace forms of Q[x]/(x^3 - x - 1), Q[x]/(x^4 - x - 1) and their compositum as instances",Stephanie Alexander,math.NT,11E04; 11E12; 15A63; 11R04; 11R16; 11R29,1,2026-09-02T23:59:26Z,stalex444/golden-family-trace-forms
PALOMAR-2026-09-02-000013,Chip-Firing with Lean 4,Dhyey Dharmendrakumar Mavani; Nathan Pflueger,math.CO,05C57; 14T20,1,2026-09-02T23:45:21Z,DhyeyMavani2003/chip-firing-with-lean
PALOMAR-2026-09-02-000012,heilbronn-convex-3-8,Tej Stead,math.CO; math.MG,52C10,1,2026-09-02T23:22:24Z,tejstead/heilbronn-site
PALOMAR-2026-09-02-000010,The Kőnig–Egerváry Theorem on Matchings and Vertex Covers in Bipartite Graphs,Noah Cohen,math.CO,05C70; 05C69; 90C27,1,2026-09-02T18:24:26Z,sneed-and-feed/lean-theorems-1
PALOMAR-2026-09-02-000009,Mean Value for Random Ideal Lattices: Lean formalization,Nihar Gargava,math.NT,11R04; 11M41; 11R42,1,2026-09-02T17:29:51Z,nihargargava/MeanValueIdealLattices
PALOMAR-2026-09-02-000008,"An explicit periodic signing of C_n(1,2) below the conjectured minimum",Lennart Rudolph,math.CO; math.SP,05C22; 05C50; 68R10; 15A18,1,2026-09-02T16:40:33Z,lennrt/palomar-formalizations
PALOMAR-2026-09-02-000006,Erdős Problem 625: chromatic versus cochromatic number of a random graph,Samuil Petkov,math.CO; math.PR,05C15; 05C80; 60C05,1,2026-09-02T16:17:09Z,SamPetkov/Erdos625-formalization
PALOMAR-2026-09-02-000005,The De Bruijn–Erdős Theorem on Incidence Geometry and Near-Pencil Tightness,Noah Cohen,math.CO; math.MG,05B25; 51E10; 51A15,1,2026-09-02T15:42:45Z,sneed-and-feed/lean-theorems-1
PALOMAR-2026-09-02-000004,Nash's isometric embedding theorem for closed manifolds (Günther's proof),David Wiygul,math.DG; math.AP,53C42; 53C21; 58J05; 46E35,1,2026-09-02T11:36:59Z,langlerangle/NashEmbedding
PALOMAR-2026-09-02-000003,Salem's theorem: every Pisot number is a two-sided limit of Salem numbers,Stephanie Alexander,math.NT,11R06; 11R04,1,2026-09-02T10:12:18Z,stalex444/salem-theorem
PALOMAR-2026-09-02-000002,Actual F₂ flag homology and the dense extremal counterexample family,Lennart Rudolph,math.CO; math.AT,05C35; 05C69; 55U10,1,2026-09-02T04:11:16Z,lennrt/palomar-formalizations
PALOMAR-2026-09-02-000001,Generalized Markoff strong approximation,Yuma Mizuno,math.NT; math.DS,11D25; 11T06; 37P25,1,2026-09-02T01:10:05Z,yuma-mizuno/markoff-modp-generalized
PALOMAR-2026-09-01-000013,Grushko--Neumann rank additivity for free products,Arthur Freitas Ramos; David Barros Hulak; Ruy J. G. B. de Queiroz,math.GR,20E07; 20F65; 05C25,1,2026-09-01T23:01:40Z,Arthur742Ramos/GrushkoNeumannTheorem
PALOMAR-2026-09-01-000012,The golden family's boundary at n = 3: general-n theorems for x^n = x + 1,Stephanie Alexander,math.NT,11R06; 11R09; 11C08,1,2026-09-01T22:45:39Z,stalex444/golden-family-boundary
PALOMAR-2026-09-01-000011,Arrow's theorem via Fourier analysis,Joris Roos,cs.DM,68R01,1,2026-09-01T21:38:58Z,roos-j/lean-booleanfun
PALOMAR-2026-09-01-000010,Proof-Carrying Decreasing-Diagram Confluence Certificates,Arthur Freitas Ramos; David Barros Hulak; Ruy J. G. B. de Queiroz,cs.LO,68Q42,1,2026-09-01T21:02:59Z,Arthur742Ramos/Metatheory
PALOMAR-2026-09-01-000009,Howson's theorem through finite cores and Kurosh decomposition,Arthur Freitas Ramos; David Barros Hulak; Ruy J. G. B. de Queiroz,math.GR,20E07; 20F65; 05C25,1,2026-09-01T17:39:43Z,Arthur742Ramos/HowsonIntersectionTheorem
PALOMAR-2026-08-31-000019,Marshall Hall's theorem through finite cores,Arthur Freitas Ramos; David Barros Hulak; Ruy J. G. B. de Queiroz,math.GR,20E07; 20F65; 05C25,2,2026-09-01T16:03:27Z,Arthur742Ramos/MarshallHallTheorem
PALOMAR-2026-09-01-000008,Only two morphic numbers: the Aarts-Fokkink-Kruijtzer classification of the golden ratio and the plastic number,Stephanie Alexander,math.NT; math.HO,11R09; 11C08; 00A67,1,2026-09-01T15:53:14Z,stalex444/only-two-morphic-numbers
PALOMAR-2026-09-01-000007,Native Lean equality-saturation certificate checking,Arthur Freitas Ramos,cs.LO; cs.PL; math.LO,03B35; 68Q42,1,2026-09-01T14:27:58Z,Arthur742Ramos/equality-saturation-checker-lean
PALOMAR-2026-09-01-000006,"hadamard-b-formal: the bordered Goethals-Seidel characterisation, the s=1 layer, and Theorem D",JD Jones,math.CO,05B20,1,2026-09-01T12:03:05Z,JD-Jones-ASES/Hadamard-B-Formal
PALOMAR-2026-09-01-000005,"The compositum of the two Mahler minimizers: exact measure, conjugate census, house, and minimal product recurrence, with the Bedford-Kim plastic family and Lehmer's polynomial",Stephanie Alexander,math.NT; math.DS,11R06; 11R04; 11B37; 14E07; 37B40,1,2026-09-01T11:04:17Z,stalex444/mahler-minimizer-compositum
PALOMAR-2026-09-01-000004,lean-spectral-theory,Ezzeri Esa,math.FA; math.OA,47A10; 47B15,1,2026-09-01T06:32:12Z,savarin/lean-spectral-theory
PALOMAR-2026-08-26-000003,JaTaSn/lattice-line-covers,Jan Snellman,math.CO; math.NT,05B40; 11H31; 52C15; 11B25; 11B57,2,2026-09-01T03:51:05Z,JaTaSn/lattice-line-covers
PALOMAR-2026-09-01-000003,The entangled Born correlations: a mixed-state entanglement witness through the Born rule forced on the composite algebra,Stephanie Alexander,quant-ph; math-ph,81P40; 81P15; 81P16,1,2026-09-01T03:13:25Z,stalex444/werner-window
PALOMAR-2026-09-01-000002,lean-operator-theory,Ezzeri Esa,math.FA; math.OA,47A12; 47A20; 47A25; 47A30,1,2026-09-01T02:17:18Z,savarin/lean-operator-theory
PALOMAR-2026-09-01-000001,schur-numbers,Adam McKenna,math.CO; math.NT,05D10; 11B13; 11B75; 68V20,1,2026-09-01T00:57:57Z,mysticflounder/modular-schur
PALOMAR-2026-08-31-000020,The Friendship Windmill Structure Theorem (Erdős–Rényi–Sós 1966),Noah Cohen,math.CO,05C75; 05C50; 05C07,1,2026-08-31T23:56:18Z,sneed-and-feed/lean-theorems-1
PALOMAR-2026-08-31-000018,lean-malliavin,Ezzeri Esa,math.PR; math.FA,60H07; 46E35,1,2026-08-31T23:05:04Z,savarin/lean-malliavin
PALOMAR-2026-08-31-000017,sneed-and-feed/lean-theorems-1,Sneed & Feed Formalization Team,math.CO,06A07; 05A18; 05D15,1,2026-08-31T21:34:38Z,sneed-and-feed/lean-theorems-1
PALOMAR-2026-08-31-000016,Arthur742Ramos/KuroshSubgroupTheorem,Arthur Freitas Ramos; David Barros Hulak; Ruy J. G. B. de Queiroz,math.GR; math.AT; math.LO,20E07; 05C25; 18B40,1,2026-08-31T18:59:14Z,Arthur742Ramos/KuroshSubgroupTheorem
PALOMAR-2026-08-31-000015,roos-j/lean-superorthogonality,Joris Roos,math.CA,42B25,1,2026-08-31T18:50:08Z,roos-j/lean-superorthogonality
PALOMAR-2026-08-31-000014,stalex444/Busch-theorem,Stephanie Alexander,quant-ph; math-ph,81P16; 81P15; 46N50,1,2026-08-31T15:52:00Z,stalex444/Busch-theorem
PALOMAR-2026-08-31-000012,mrdouglasny/OSforGFF-comparator,Sergey A. Cherkis; Michael R. Douglas; Sarah Hoback; Anna Mei; Ron Nissim,hep-th; math-ph,81T08; 81S40; 60G60,1,2026-08-31T14:32:13Z,mrdouglasny/OSforGFF-comparator
PALOMAR-2026-08-31-000011,MaxWellApexLab/BicausalOT-palomar,KT. Wu,math.LO; math.GN; math.PR; math.OC,03E15; 54H05; 28A05; 28B20; 54C65,1,2026-08-31T13:42:14Z,MaxWellApexLab/BicausalOT-palomar
PALOMAR-2026-08-31-000010,MaxWellApexLab/BicausalOT-palomar,KT. Wu,math.PR; math.GN; math.LO,60B05; 60B10; 28A33; 54E50; 54E35; 68V20,1,2026-08-31T12:38:43Z,MaxWellApexLab/BicausalOT-palomar
PALOMAR-2026-08-31-000009,MaxWellApexLab/BicausalOT-palomar,KT. Wu,math.LO; math.CA; math.PR; math.GN; math.OC,28A12; 28A05; 03E15; 54H05; 31C15; 68V20,1,2026-08-31T12:01:20Z,MaxWellApexLab/BicausalOT-palomar
PALOMAR-2026-08-31-000008,yoshito-ishiki-math/lean-scottish-book-155,Yoshito Ishiki,math.FA; math.MG,46B20; 54E40,1,2026-08-31T09:40:55Z,yoshito-ishiki-math/lean-scottish-book-155
PALOMAR-2026-08-31-000007,MaxWellApexLab/BicausalOT-palomar,KT. Wu,math.LO; math.PR; math.GN; math.OC,28B20; 54C65; 54H05; 03E15; 28A20; 68V20,1,2026-08-31T07:25:36Z,MaxWellApexLab/BicausalOT-palomar
PALOMAR-2026-08-31-000006,sneed-and-feed/lean-theorems-1,Sneed & Feed Formalization Team,math.MG; math.CO,52A35; 52A20; 05D15,1,2026-08-31T06:19:35Z,sneed-and-feed/lean-theorems-1
PALOMAR-2026-08-31-000005,akopjan/NRR-AAK,Arseniy Akopyan,math.MG,52C35; 55M20; 55M35,1,2026-08-31T04:27:43Z,akopjan/NRR-AAK
PALOMAR-2026-08-31-000004,stalex444/mahler-measure-minima,Stephanie Alexander,math.NT,11R06; 11R09; 12D10,1,2026-08-31T03:21:35Z,stalex444/mahler-measure-minima
PALOMAR-2026-08-31-000003,sneed-and-feed/lean-theorems-1,Sneed & Feed Formalization Team,math.CO,05D05; 11B75; 15A03,1,2026-08-31T03:08:55Z,sneed-and-feed/lean-theorems-1
PALOMAR-2026-08-29-000017,shaikidris/prime-star-spectra-formalization,Idris Ali Shaik,math.CO; math.NT,05C50; 11N05,2,2026-08-31T01:24:44Z,shaikidris/prime-star-spectra-formalization
PALOMAR-2026-08-31-000002,Arthur742Ramos/GraphCoveringTheory,Arthur Freitas Ramos; David Barros Hulak; Ruy J. G. B. de Queiroz,math.GR; math.AT; math.LO,20E07; 05C25; 18B40,1,2026-08-31T01:14:24Z,Arthur742Ramos/GraphCoveringTheory
PALOMAR-2026-08-31-000001,JD-Jones-ASES/Hadamard-formal,JD Jones,math.CO,05B20,1,2026-08-31T00:24:36Z,JD-Jones-ASES/Hadamard-formal
PALOMAR-2026-08-30-000002,pengzhang91/Feige,Guanyang Wang; Peng Zhang,math.PR; math.CO,60E15; 60G50; 52A40,1,2026-08-30T15:20:55Z,pengzhang91/Feige
PALOMAR-2026-08-30-000001,BochaoKong/nullstellensatz,BochaoKong,math.CV; math.AG,32A10; 32B05; 32C25; 13E05,1,2026-08-30T07:03:18Z,BochaoKong/nullstellensatz
PALOMAR-2026-08-29-000018,ehrlich-b/composition-algebras,Bryan Ehrlich,math.RA; math.RT,17A75; 11E88; 17A35; 17D05; 17C40; 15A63,1,2026-08-29T23:27:31Z,ehrlich-b/composition-algebras
PALOMAR-2026-08-29-000016,savarin/lean-malliavin,Ezzeri Esa,math.PR; math.FA,60H07; 46E35,1,2026-08-29T16:01:01Z,savarin/lean-malliavin
PALOMAR-2026-08-29-000015,ehrlich-b/composition-algebras,Bryan Ehrlich,math.RA; math.RT,17A75; 11E88; 17A35; 17D05; 17C40; 15A63,1,2026-08-29T11:55:25Z,ehrlich-b/composition-algebras
PALOMAR-2026-08-29-000013,sneed-and-feed/lean-theorems-1,Sneed & Feed Formalization Team,math.CO; math.MG,52C10; 05D10; 52A10,1,2026-08-29T08:00:25Z,sneed-and-feed/lean-theorems-1
PALOMAR-2026-08-29-000012,sneed-and-feed/lean-theorems-1,Sneed & Feed Formalization Team,math.MG; math.CO,52A35; 52A20; 05D15,1,2026-08-29T04:30:26Z,sneed-and-feed/lean-theorems-1
PALOMAR-2026-08-29-000011,mccorvie/classification-of-surfaces,Ryan McCorvie; Jack McCarthy,math.GT,57K20,1,2026-08-29T02:38:23Z,mccorvie/classification-of-surfaces
PALOMAR-2026-08-29-000010,BochaoKong/classical-complex-wpt,BochaoKong,math.CV,32A05; 32A10; 32B05,1,2026-08-29T02:02:19Z,BochaoKong/classical-complex-wpt
PALOMAR-2026-08-29-000009,Arthur742Ramos/hadamard-668-lean,Arthur Freitas Ramos; David Barros Hulak; Ruy J. G. B. de Queiroz,math.CO; math.LO,05B20; 03B35,1,2026-08-29T01:52:59Z,Arthur742Ramos/hadamard-668-lean
PALOMAR-2026-08-29-000008,ehrlich-b/euclidean-jordan,Bryan Ehrlich,math.RA; math.OA; math.FA,17C20; 17C27; 17C37; 17C65; 17A15; 46L70,1,2026-08-29T01:43:35Z,ehrlich-b/euclidean-jordan
PALOMAR-2026-08-29-000007,sneed-and-feed/lean-theorems-1,Sneed & Feed Formalization Team,math.MG; math.CO,52A35; 52A20; 52C10,1,2026-08-29T01:33:38Z,sneed-and-feed/lean-theorems-1
PALOMAR-2026-08-29-000006,nimaanari/formalization-beyond-bethe,Nima Anari,cs.DS; math.CO,68W25; 15A15,1,2026-08-29T01:23:17Z,nimaanari/formalization-beyond-bethe
PALOMAR-2026-08-29-000005,Arthur742Ramos/TopologicalComputationalPaths,Arthur Freitas Ramos; Ruy J. G. B. de Queiroz; Anjolina Grisi de Oliveira; Tiago M. L. de Veras; David Barros Hulak,math.AT; math.GN,22A22; 54B15; 03B38; 55Q05; 68V20; 54B30,1,2026-08-29T01:10:01Z,Arthur742Ramos/TopologicalComputationalPaths
PALOMAR-2026-08-29-000004,yuhangshi888/zeta-simple-zeros-673316977,Yuhang Shi,math.NT,11M26,1,2026-08-29T01:00:12Z,yuhangshi888/zeta-simple-zeros-673316977
PALOMAR-2026-08-29-000003,Arthur742Ramos/dinitz-garg-goemans-counterexample-lean,Arthur Freitas Ramos; David Barros Hulak; Ruy Jose Guerra Barretto de Queiroz,cs.DS; math.LO,68R10; 90C27; 03B35,1,2026-08-29T00:52:16Z,Arthur742Ramos/dinitz-garg-goemans-counterexample-lean
PALOMAR-2026-08-29-000002,dcposch/jc2-lean,Dan Clemens Posch,math.AG; math.AC,14R15; 13P10,1,2026-08-29T00:42:55Z,dcposch/jc2-lean
PALOMAR-2026-08-29-000001,ehrlich-b/euclidean-jordan,Bryan Ehrlich,math.RA; math.OA; math.FA,17C20; 17C27; 17C37; 17C65; 17A15; 46L70,1,2026-08-29T00:33:44Z,ehrlich-b/euclidean-jordan
PALOMAR-2026-08-28-000002,Arthur742Ramos/NagataFactoriality,Arthur Freitas Ramos; David Barros Hulak; Ruy J. G. B. de Queiroz,math.AC; cs.LO,13A05; 13B30; 03B35,1,2026-08-28T01:12:18Z,Arthur742Ramos/NagataFactoriality
PALOMAR-2026-08-28-000001,yuningyang19/parameter_free_gradient_p,Yuning Yang,math.OC,90C25,1,2026-08-28T00:04:36Z,yuningyang19/parameter_free_gradient_p
PALOMAR-2026-08-27-000020,BrandonMYates/schwarzschild-comparator,Brandon Yates,gr-qc; math.DG; cs.LO,83C15; 83C05; 83C22; 83F05; 53B30; 68V20,1,2026-08-27T22:42:40Z,BrandonMYates/schwarzschild-comparator
PALOMAR-2026-08-27-000019,yuhangshi888/sun-cotangent-permanent-counterexample-lean,Yuhang Shi,math.NT; math.CO,11C20; 15A15; 11A07,1,2026-08-27T21:50:17Z,yuhangshi888/sun-cotangent-permanent-counterexample-lean
PALOMAR-2026-08-27-000017,Arthur742Ramos/SpinorLean,Arthur F. Ramos; David B. Hulak; Ruy J. G. B. de Queiroz,math.RA,15A66; 11E81; 20G15,1,2026-08-27T21:07:51Z,Arthur742Ramos/SpinorLean
PALOMAR-2026-08-27-000016,sneed-and-feed/lean-theorems-1,Sneed & Feed Formalization Team,math.AG; math.CA; math.HO,12D10; 26C10; 30C15; 01A45; 01A55,1,2026-08-27T20:01:50Z,sneed-and-feed/lean-theorems-1
PALOMAR-2026-08-27-000015,Arthur742Ramos/HigherLambdaModel,Arthur Ramos; Daniel O. Martinez-Rivillas; Ruy J.G.B. de Queiroz,math.LO,03B35,1,2026-08-27T19:29:42Z,Arthur742Ramos/HigherLambdaModel
PALOMAR-2026-08-27-000014,sneed-and-feed/lean-theorems-1,Sneed & Feed Formalization Team,math.CO; math.AT,05E45; 57Q05; 52A35; 55M20,1,2026-08-27T18:40:37Z,sneed-and-feed/lean-theorems-1
PALOMAR-2026-08-27-000013,Arthur742Ramos/jacobian-conjecture-lean,Arthur Freitas Ramos; David Barros Hulak; Ruy J. G. B. de Queiroz,math.AG; math.LO,14R15; 03B35,1,2026-08-27T18:12:56Z,Arthur742Ramos/jacobian-conjecture-lean
PALOMAR-2026-08-27-000011,nielstron/langlib,Niels Mündler; Martin Dvořák,cs.FL,68Q42; 68Q45; 68Q04,2,2026-08-27T14:49:43Z,nielstron/langlib
PALOMAR-2026-08-27-000008,Vulkin-prog/paper-c-lean,Brice Pouly,math.NT; math.PR,11K65; 60F05,2,2026-08-27T12:36:10Z,Vulkin-prog/paper-c-lean
PALOMAR-2026-08-27-000012,sneed-and-feed/lean-theorems-1,Sneed & Feed Formalization Team,math.CO,05A05; 05C70; 05D15,1,2026-08-27T11:55:26Z,sneed-and-feed/lean-theorems-1
PALOMAR-2026-08-26-000010,Vulkin-prog/paper-c-lean,Brice Pouly,math.NT; math.PR,11K65; 60F05,2,2026-08-27T09:33:25Z,Vulkin-prog/paper-c-lean
PALOMAR-2026-08-27-000010,BrandonMYates/yz-cubic-comparator,Brandon Yates,math.NT; math.AC,11D25; 12E05; 13P15,1,2026-08-27T08:58:24Z,BrandonMYates/yz-cubic-comparator
PALOMAR-2026-08-27-000009,yuma-mizuno/markoff-modp,Yuma Mizuno,math.NT,11D25,1,2026-08-27T07:34:56Z,yuma-mizuno/markoff-modp
PALOMAR-2026-08-27-000005,elliotglazer/nf-not-wpp,Elliot Glazer,math.LO,03E70; 03E25; 03B35,2,2026-08-27T05:39:51Z,elliotglazer/nf-not-wpp
PALOMAR-2026-08-27-000007,hkjtsgmc79-boop/colombo-odd-lean,Qianli Ma,math.CA; math.CO,15A15; 15B48; 41A15,1,2026-08-27T05:27:10Z,hkjtsgmc79-boop/colombo-odd-lean
PALOMAR-2026-08-27-000006,AviKndr/universal-words,Avi Kondareddy,math.GR; math.NT,20B30; 20D60; 11P32; 05A05,1,2026-08-27T01:47:29Z,AviKndr/universal-words
PALOMAR-2026-08-27-000004,Arthur742Ramos/finite-graph-fundamental-group,Arthur Freitas Ramos; David Hulak; Ruy de Queiroz,math.AT; math.LO,05C25; 18B40; 20F65,1,2026-08-27T01:24:24Z,Arthur742Ramos/finite-graph-fundamental-group
PALOMAR-2026-08-27-000003,GrgAakash/factorial-hypergraph-auxiliary-erdos,Aakash Gurung,math.NT; math.CO,11N36; 11B65; 11A41; 05C65,1,2026-08-27T01:05:10Z,GrgAakash/factorial-hypergraph-auxiliary-erdos
PALOMAR-2026-08-27-000002,BrandonMYates/csordas-comparator,Brandon Yates,math.CA; math.CV; math.NT,30D15; 26A51; 30D10; 11M06,1,2026-08-27T00:40:11Z,BrandonMYates/csordas-comparator
PALOMAR-2026-08-27-000001,BrandonMYates/tempered-xi-comparator,Brandon Yates,math.NT; math.CV; math.CA,30D15; 30D10; 11M06; 44A15,1,2026-08-27T00:08:59Z,BrandonMYates/tempered-xi-comparator
PALOMAR-2026-08-26-000013,sneed-and-feed/lean-theorems-1,Sneed & Feed Formalization Team,math.MG; math.CO,52C10; 52C35; 51M04,1,2026-08-26T22:43:44Z,sneed-and-feed/lean-theorems-1
PALOMAR-2026-08-26-000012,Vulkin-prog/paper-c-lean,Brice Pouly,math.NT; math.PR,11K65; 60F05,1,2026-08-26T21:07:48Z,Vulkin-prog/paper-c-lean
PALOMAR-2026-08-26-000011,sneed-and-feed/lean-theorems-1,Sneed & Feed Formalization Team,math.CO,05C50; 05C75; 05E30,1,2026-08-26T20:19:04Z,sneed-and-feed/lean-theorems-1
PALOMAR-2026-08-26-000009,sneed-and-feed/lean-theorems-1,Sneed & Feed Formalization Team,math.CO,05D05; 05A05,1,2026-08-26T17:59:24Z,sneed-and-feed/lean-theorems-1
PALOMAR-2026-08-26-000008,sneed-and-feed/lean-theorems-1,Sneed & Feed Formalization Team,math.CO,05D05; 05C35,1,2026-08-26T14:28:39Z,sneed-and-feed/lean-theorems-1
PALOMAR-2026-08-26-000007,sneed-and-feed/lean-theorems-1,Sneed & Feed Formalization Team,math.CO,05D05; 05C65,1,2026-08-26T13:15:41Z,sneed-and-feed/lean-theorems-1
PALOMAR-2026-08-26-000004,JD-Jones-ASES/fs-formal,JD Jones,math.CO; math.NT,11B30; 11B75,1,2026-08-26T11:42:56Z,JD-Jones-ASES/fs-formal
PALOMAR-2026-08-26-000002,lukasliehr/GrothendieckBessel,Lukas Liehr; Mitchell A. Taylor; Peiyang Yu,math.FA; math.CA,46B15; 46B25; 42C15; 68V20,1,2026-08-26T10:06:38Z,lukasliehr/GrothendieckBessel
PALOMAR-2026-08-25-000002,dcposch/jc2-lean,Dan Clemens Posch,math.AG; math.AC,14R15; 13P10,2,2026-08-26T09:33:10Z,dcposch/jc2-lean
PALOMAR-2026-08-26-000001,sneed-and-feed/lean-theorems-1,Sneed & Feed Formalization Team,math.CO,05C50; 05C70; 15A03,1,2026-08-26T08:38:06Z,sneed-and-feed/lean-theorems-1
PALOMAR-2026-08-25-000005,teal-sea/zeta-lab,Thomas Lince,math.NT,11M26; 15A42,1,2026-08-25T23:50:51Z,teal-sea/zeta-lab
PALOMAR-2026-08-25-000004,catskillsresearch/scott1976,Lars Warren Ericson,math.LO; cs.LO,06B35; 68Q55; 03B70,1,2026-08-25T18:14:49Z,catskillsresearch/scott1976
PALOMAR-2026-08-25-000003,catskillsresearch/scott_models,Lars Warren Ericson,cs.LO; math.LO,06B35; 68Q55,1,2026-08-25T12:48:55Z,catskillsresearch/scott_models
PALOMAR-2026-08-25-000001,balancedscorpion/shifted-square-root-fourier-classification,Jamie Martin; Li Shen,math.CA; math.NT,42A38; 11F37; 52C23,1,2026-08-25T04:32:11Z,balancedscorpion/shifted-square-root-fourier-classification
PALOMAR-2026-08-24-000001,catskillsresearch/scott1980,Lars Warren Ericson,cs.LO; math.LO,68Q55; 06B35; 03B70,2,2026-08-25T01:25:57Z,catskillsresearch/scott1980
PALOMAR-2026-08-24-000007,xiangyazi24/palomar-qseries-row-factorization,Xiang Huang,math.NT,11F27; 33D15,1,2026-08-24T23:59:57Z,xiangyazi24/palomar-qseries-row-factorization
PALOMAR-2026-08-24-000003,catskillsresearch/scott1972,Lars Warren Ericson,math.LO; math.GN,06B35; 54H99; 03B40,2,2026-08-24T23:48:20Z,catskillsresearch/scott1972
PALOMAR-2026-08-24-000006,SauersML/group-approximation,Sauers,math.OA; math.GR,46L05,1,2026-08-24T20:15:36Z,SauersML/group-approximation
PALOMAR-2026-08-24-000005,catskillsresearch/scott1982,Lars Warren Ericson,cs.LO; math.LO,68Q55; 06B35; 03B70,1,2026-08-24T18:41:07Z,catskillsresearch/scott1982
PALOMAR-2026-08-23-000006,ehrlich-b/euclidean-jordan,Bryan Ehrlich,math.RA; math.OA; math.FA,17C20; 17C27; 17C37; 17C65; 17A15; 46L70,1,2026-08-23T18:02:47Z,ehrlich-b/euclidean-jordan
PALOMAR-2026-08-23-000005,ehrlich-b/euclidean-jordan,Bryan Ehrlich,math.RA; math.OA; math.FA,17C20; 17C27; 17C37; 17C65; 17A15; 46L70,1,2026-08-23T14:43:08Z,ehrlich-b/euclidean-jordan
PALOMAR-2026-08-23-000004,DiarHaidary/Nelson-Nguyen-conjecture-upper-bound-palomar,Diar Heidary,math.NA; math.PR,65F50; 60B20; 68W20,1,2026-08-23T14:18:53Z,DiarHaidary/Nelson-Nguyen-conjecture-upper-bound-palomar
PALOMAR-2026-08-23-000003,novou/square-maximality-palomar,Jiechen Zhang,math.CO,05C05; 05C30; 05C35,1,2026-08-23T13:17:20Z,novou/square-maximality-palomar
PALOMAR-2026-08-23-000001,geoconuk/lean-misc-math,George A. Constantinides,math.MG; cs.IT,52C17; 41A46; 94B65,1,2026-08-23T09:43:44Z,geoconuk/lean-misc-math
PALOMAR-2026-08-22-000010,CBirkbeck/uniform-sheafy-tate-domains-lean,Christopher Birkbeck; Alex Torzewski,math.AG; math.NT,14G22; 12J25; 13J10; 16W80; 14G45,1,2026-08-22T23:31:52Z,CBirkbeck/uniform-sheafy-tate-domains-lean
PALOMAR-2026-08-22-000009,xiangyazi24/palomar-qseries-prime-coefficients,Xiang Huang,math.NT,11F27; 11R11,1,2026-08-22T23:20:12Z,xiangyazi24/palomar-qseries-prime-coefficients
PALOMAR-2026-08-22-000008,adas1236/KaltonPeckPalomar,Avik Das,math.FA,46B03; 46B20; 47A53,1,2026-08-22T20:27:03Z,adas1236/KaltonPeckPalomar
PALOMAR-2026-08-22-000007,ashebson/kinin-lean,Aryeh Shebson,math.CO,05A17; 90C27,1,2026-08-22T19:17:46Z,ashebson/kinin-lean
PALOMAR-2026-08-22-000006,ehrlich-b/sequential-products-lean,Bryan Ehrlich,math.OA; math.RA; quant-ph,17C65; 81P16; 46L70; 81P10; 15B57; 17C90,1,2026-08-22T16:18:09Z,ehrlich-b/sequential-products-lean
PALOMAR-2026-08-22-000005,mbaccaro-dev/mathematical-proofs,Mayk Loide Baccaro,math.NT,11N37; 11A25,1,2026-08-22T05:26:20Z,mbaccaro-dev/mathematical-proofs
PALOMAR-2026-08-22-000004,mbaccaro-dev/mathematical-proofs,Mayk Loide Baccaro,math.NT,11M26; 11N37,1,2026-08-22T04:26:46Z,mbaccaro-dev/mathematical-proofs
PALOMAR-2026-08-22-000003,xiangyazi24/palomar-hahn-hecke-appell,Xiang Huang,math.NT,11F27; 33D15,1,2026-08-22T03:39:14Z,xiangyazi24/palomar-hahn-hecke-appell
PALOMAR-2026-08-22-000002,mbaccaro-dev/mathematical-proofs,Mayk Loide Baccaro,math.NT,11N05; 11M26,1,2026-08-22T03:29:50Z,mbaccaro-dev/mathematical-proofs
PALOMAR-2026-08-22-000001,williamjblair/lean-proofs,Will Blair,math.NT; math.CO,11B65; 11N13; 11A41; 11B13,1,2026-08-22T03:01:51Z,williamjblair/lean-proofs
PALOMAR-2026-08-21-000012,teal-sea/zeta-lab,Thomas Lince,math.NT; math.CV,11M26; 11M41,1,2026-08-21T23:05:23Z,teal-sea/zeta-lab
PALOMAR-2026-08-21-000009,ehrlich-b/sequential-products-lean,Bryan Ehrlich,math.OA; math.RA; quant-ph,17C65; 81P16; 46L70; 81P10; 15B57; 17C90,1,2026-08-21T18:03:30Z,ehrlich-b/sequential-products-lean
PALOMAR-2026-08-21-000006,Paul-Lez/jacobian-conjecture,Paul Lezeau; Dean Cureton,math.AG; math.AC,14R15,1,2026-08-21T11:10:13Z,Paul-Lez/jacobian-conjecture
PALOMAR-2026-08-21-000005,mbaccaro-dev/mathematical-proofs,Mayk Loide Baccaro,math.NT,11M26; 11N05,1,2026-08-21T06:20:10Z,mbaccaro-dev/mathematical-proofs
PALOMAR-2026-08-21-000004,teal-sea/zeta-lab,Thomas Lince,math.NT; math.CA,45B05; 49R05; 11M26,1,2026-08-21T05:37:39Z,teal-sea/zeta-lab
PALOMAR-2026-08-21-000003,mbaccaro-dev/mathematical-proofs,Mayk Loide Baccaro,math.CV; math.NT,30D15; 11M26,1,2026-08-21T05:17:07Z,mbaccaro-dev/mathematical-proofs
PALOMAR-2026-08-21-000001,ehrlich-b/sequential-products-lean,Bryan Ehrlich,math.OA; math.RA; quant-ph,17C65; 81P16; 46L70; 81P10; 15B57; 17C90,1,2026-08-21T04:18:12Z,ehrlich-b/sequential-products-lean
PALOMAR-2026-08-20-000009,sloisel/MPE-Formal,Sébastien Loisel,math.NA,65B05; 65F10; 65H10; 41A17; 60D05,1,2026-08-20T14:31:52Z,sloisel/MPE-Formal
PALOMAR-2026-08-20-000008,benkeene/erdos266,Ben Keene,math.NT; math.CA,11J72; 40A05; 11B83,1,2026-08-20T12:34:27Z,benkeene/erdos266
PALOMAR-2026-08-20-000007,Vulkin-prog/paper-c-lean,Brice Pouly,math.NT; math.PR,11K65; 60F05,1,2026-08-20T11:56:02Z,Vulkin-prog/paper-c-lean
PALOMAR-2026-08-20-000005,google-deepmind/formal-conjectures,The Formal Conjectures Authors; Moritz Firsching; Codrut Grosu; Reklle,math.NT; math.AG,11D41; 12E05,1,2026-08-20T06:11:14Z,google-deepmind/formal-conjectures
PALOMAR-2026-08-20-000004,guanyangwang/ktv-swap-lean-comparator,Guanyang Wang,math.PR; cs.DS; math.CO; stat.CO,60J10,1,2026-08-20T05:28:41Z,guanyangwang/ktv-swap-lean-comparator
PALOMAR-2026-08-20-000003,catskillsresearch/cardb,Lars Warren Ericson,math.GN; math.CO,54A05; 05A15; 54A10,1,2026-08-20T01:23:54Z,catskillsresearch/cardb
PALOMAR-2026-08-19-000007,stalex444/pdt-lean,Stephanie Alexander,quant-ph; math.OA,81P40; 81P45; 46L60; 15A18,2,2026-08-20T01:02:27Z,stalex444/pdt-lean
PALOMAR-2026-08-20-000002,yuanchenyang/lean_low_rank_univariate_sos,Chenyang Yuan,math.OC; math.AG,90C23; 90C26; 90C22; 12D15,1,2026-08-20T00:36:51Z,yuanchenyang/lean_low_rank_univariate_sos
PALOMAR-2026-08-13-000001,teorth/sendov,Terence Tao,math.CV,30C15; 30C10; 12D10,2,2026-08-20T00:23:23Z,teorth/sendov
PALOMAR-2026-08-20-000001,dcposch/jc2-lean,Dan Clemens Posch,math.AG; math.AC,14R15,1,2026-08-20T00:09:33Z,dcposch/jc2-lean
PALOMAR-2026-08-19-000006,stalex444/arithmetic-of-time,Stephanie Alexander,math.CO; math.DS,68R15; 37B10,1,2026-08-19T23:11:42Z,stalex444/arithmetic-of-time
PALOMAR-2026-08-19-000005,dcposch/jc2-lean,Dan Clemens Posch,math.AG; math.AC,14R15,1,2026-08-19T23:02:22Z,dcposch/jc2-lean
PALOMAR-2026-08-19-000004,vo-rodrigues/wallace-problem-palomar,Juliane Trianon Fraga; Vinicius de Oliveira Rodrigues,math.GR; math.GN,22A05; 54H11; 54D20; 22A15; 20K20; 54A20,1,2026-08-19T14:58:19Z,vo-rodrigues/wallace-problem-palomar
PALOMAR-2026-08-19-000001,rkirov/jordan_pick,Rado Kirov,math.GT; math.GN,54F65; 54F15; 54H25; 55M20; 55M25; 54D05,1,2026-08-19T01:54:36Z,rkirov/jordan_pick
PALOMAR-2026-08-18-000003,xinjiegit/ben_27_formalization,Xinjie He,math.CO; math.NT,11B30; 11B34,1,2026-08-18T23:20:17Z,xinjiegit/ben_27_formalization
PALOMAR-2026-08-18-000002,AxiomMath/PrimeGapsLib,Evan Chen; Sidharth Hariharan; Kenny Lau; Bhavik Mehta; Ken Ono; Ashvin Swaminathan; Jesse Thorner; Yunzhou Xie,math.NT,11N05; 11N35; 11N36; 11P32,1,2026-08-18T20:27:38Z,AxiomMath/PrimeGapsLib
PALOMAR-2026-08-18-000001,LionSR/LDT-comparator,Sirui Lu; Ruixuan Deng; Zhengfeng Ji,quant-ph; cs.CC,81P45; 68Q15,1,2026-08-18T15:09:37Z,LionSR/LDT-comparator
PALOMAR-2026-08-17-000004,jaumededios/cantor-frames-palomar,Jaume de Dios Pont; Lukas Liehr; Mitchell A. Taylor,math.FA,28A80; 42B05; 46B15,1,2026-08-17T23:51:34Z,jaumededios/cantor-frames-palomar
PALOMAR-2026-08-17-000003,gexahedron/sabidussi-lean,Nikolay Ulyanov,math.CO,05C45; 05C70,1,2026-08-17T19:19:41Z,gexahedron/sabidussi-lean
PALOMAR-2026-08-17-000002,Paul-Lez/hadamard-668-comparator,Paul Lezeau,math.CO,05B20,1,2026-08-17T19:10:42Z,Paul-Lez/hadamard-668-comparator
PALOMAR-2026-08-17-000001,rkirov/jordan_pick,Rado Kirov,math.CV; math.GN,30F20; 30F15; 30F25; 30F99; 54D65; 32Q55; 31A05,1,2026-08-17T06:39:48Z,rkirov/jordan_pick
PALOMAR-2026-08-08-000001,kim-em/erdos-unit-distance-comparator,Kim Morrison,math.CO; math.MG,52C10; 11R21,3,2026-08-14T07:52:09Z,kim-em/erdos-unit-distance-comparator
